Number,Name,Type1,Type2,HP,Attack,Defense,SpecialAtk,SpecialDef,Speed,Generation,Legendary
1,妙蛙種子,Grass,Poison,45,49,49,65,65,45,1,FALSE
2,妙蛙草,Grass,Poison,60,62,63,80,80,60,1,FALSE
3,妙蛙花,Grass,Poison,80,82,83,100,100,80,1,FALSE
3,妙蛙花Mega,Grass,Poison,80,100,123,122,120,80,1,FALSE
4,小火龍,Fire,NA,39,52,43,60,50,65,1,FALSE
5,火恐龍,Fire,NA,58,,,80,65,80,1,FALSE
6,噴火龍,Fire,Flying,78,84,78,109,85,100,1,FALSE
6,噴火龍MegaX,Fire,Dragon,78,130,111,130,85,100,1,FALSE
6,噴火龍MegaY,Fire,Flying,78,104,78,159,115,100,1,FALSE
7,傑尼龜,Water,NA,44,48,65,50,64,43,1,FALSE
8,卡咪龜,Water,NA,59,63,80,65,80,58,1,FALSE
9,水箭龜,Water,NA,79,83,100,85,105,78,1,FALSE
9,水箭龜Mega,Water,NA,79,103,120,135,115,78,1,FALSE
10,綠毛蟲,Bug,NA,45,30,35,20,20,45,1,FALSE
11,鐵甲蛹,Bug,NA,50,20,55,25,25,30,1,FALSE
12,巴大蝶,Bug,Flying,60,45,50,90,80,70,1,FALSE
13,獨角蟲,Bug,Poison,40,35,30,20,20,50,1,FALSE
14,鐵殼蛹,Bug,Poison,45,25,50,25,25,35,1,FALSE
15,大針蜂,Bug,Poison,65,90,,45,80,75,1,FALSE
15,大針蜂Mega,Bug,Poison,65,150,40,15,80,145,1,FALSE
16,波波,Normal,Flying,40,45,40,35,35,56,1,FALSE
17,比比鳥,Normal,Flying,63,60,55,50,50,71,1,FALSE
18,大比鳥,Normal,Flying,83,,75,70,70,101,1,FALSE
18,大比鳥Mega,Normal,Flying,83,80,80,135,80,121,1,FALSE
19,小拉達,Normal,NA,30,56,35,25,35,72,1,FALSE
20,拉達,Normal,NA,55,81,60,50,70,97,1,FALSE
21,烈雀,Normal,Flying,40,60,30,31,31,70,1,FALSE
22,大嘴雀,Normal,Flying,65,90,65,61,61,100,1,FALSE
23,阿柏蛇,Poison,NA,35,60,,40,54,55,1,FALSE
24,阿柏怪,Poison,NA,60,85,69,65,79,80,1,FALSE
25,皮卡丘,Electric,NA,35,55,40,50,50,90,1,FALSE
26,雷丘,Electric,NA,60,,55,90,80,110,1,FALSE
27,穿山鼠,Ground,NA,50,75,85,20,30,40,1,FALSE
28,穿山王,Ground,NA,75,100,110,45,55,65,1,FALSE
29,尼多蘭,Poison,NA,55,47,52,40,40,41,1,FALSE
30,尼多娜,Poison,NA,70,62,67,55,55,56,1,FALSE
31,尼多后,Poison,Ground,90,,87,75,85,76,1,FALSE
32,尼多朗,Poison,,46,57,40,40,40,50,1,FALSE
33,尼多力諾,Poison,NA,61,72,57,55,55,65,1,FALSE
34,尼多王,Poison,Ground,81,102,,85,75,85,1,FALSE
35,皮皮,Fairy,NA,70,45,48,60,65,35,1,FALSE
36,皮可西,Fairy,NA,95,70,73,95,90,60,1,FALSE
37,六尾,Fire,NA,38,41,40,50,65,65,1,FALSE
38,九尾,Fire,NA,73,76,75,81,100,100,1,FALSE
39,胖丁,Normal,Fairy,115,45,20,45,25,20,1,FALSE
40,胖可丁,Normal,Fairy,140,,45,85,50,45,1,FALSE
41,超音蝠,Poison,Flying,40,45,35,30,40,55,1,FALSE
42,大嘴蝠,Poison,Flying,75,80,,65,75,90,1,FALSE
43,走路草,Grass,Poison,45,50,55,75,65,30,1,FALSE
44,臭臭花,Grass,Poison,60,65,70,85,75,40,1,FALSE
45,霸王花,Grass,Poison,75,,85,110,90,50,1,FALSE
46,派拉斯,Bug,Grass,35,70,55,45,55,25,1,FALSE
47,派拉斯特,Bug,Grass,60,95,80,60,80,30,1,FALSE
48,毛球,Bug,Poison,60,55,50,40,55,45,1,FALSE
49,摩魯蛾,Bug,Poison,70,,60,90,75,90,1,FALSE
50,地鼠,Ground,NA,10,55,25,35,45,95,1,FALSE
51,三地鼠,Ground,NA,35,80,50,50,70,120,1,FALSE
52,喵喵,Normal,NA,40,45,35,40,40,90,1,FALSE
53,貓老大,Normal,NA,65,70,60,65,65,115,1,FALSE
54,可達鴨,Water,NA,50,52,48,65,50,55,1,FALSE
55,哥達鴨,Water,NA,80,82,78,95,80,85,1,FALSE
56,猴怪,Fighting,NA,40,80,35,35,45,70,1,FALSE
57,火爆猴,Fighting,NA,65,105,60,60,70,95,1,FALSE
58,卡蒂狗,Fire,NA,55,70,45,70,50,60,1,FALSE
59,風速狗,Fire,NA,90,110,,100,80,95,1,FALSE
60,蚊香蝌蚪,Water,NA,40,50,40,40,40,90,1,FALSE
61,蚊香君,Water,NA,65,65,65,50,50,90,1,FALSE
62,蚊香泳士,Water,Fighting,90,95,95,70,90,70,1,FALSE
63,凱西,Psychic,NA,25,20,15,105,55,90,1,FALSE
64,勇基拉,Psychic,NA,40,35,30,120,70,105,1,FALSE
65,胡地,Psychic,NA,55,50,,135,95,120,1,FALSE
65,胡地Mega,Psychic,NA,55,50,65,175,95,150,1,FALSE
66,腕力,Fighting,NA,70,80,50,35,35,35,1,FALSE
67,豪力,Fighting,NA,80,100,70,50,60,45,1,FALSE
68,怪力,Fighting,NA,90,130,80,65,85,55,1,FALSE
69,喇叭芽,Grass,Poison,50,75,35,70,30,40,1,FALSE
70,口呆花,Grass,Poison,65,90,50,85,45,55,1,FALSE
71,大食花,Grass,Poison,80,,65,100,70,70,1,FALSE
72,瑪瑙水母,Water,Poison,40,40,,50,100,70,1,FALSE
73,毒刺水母,Water,Poison,80,70,65,80,120,100,1,FALSE
74,小拳石,Rock,Ground,40,80,100,30,30,20,1,FALSE
75,隆隆石,Rock,Ground,55,95,115,45,45,35,1,FALSE
76,隆隆岩,Rock,Ground,80,120,130,55,65,45,1,FALSE
77,小火馬,Fire,NA,50,85,55,65,65,90,1,FALSE
78,烈焰馬,Fire,NA,65,100,70,80,80,105,1,FALSE
79,呆呆獸,Water,Psychic,90,65,,40,40,15,1,FALSE
80,呆殼獸,Water,Psychic,95,75,110,100,80,30,1,FALSE
80,呆殼獸Mega,Water,Psychic,95,75,180,130,80,30,1,FALSE
81,小磁怪,Electric,Steel,25,35,70,95,55,45,1,FALSE
82,三合一磁怪,Electric,Steel,50,60,95,120,70,70,1,FALSE
83,大蔥鴨,Normal,Flying,52,65,55,58,62,60,1,FALSE
84,嘟嘟,Normal,Flying,35,,45,35,35,75,1,FALSE
85,嘟嘟利,Normal,Flying,60,110,70,60,60,100,1,FALSE
86,小海獅,Water,NA,65,45,55,45,70,45,1,FALSE
87,白海獅,Water,Ice,90,70,80,70,95,70,1,FALSE
88,臭泥,Poison,NA,80,80,50,40,50,25,1,FALSE
89,臭臭泥,Poison,NA,105,,75,65,100,50,1,FALSE
90,大舌貝,Water,NA,30,65,,45,25,40,1,FALSE
91,刺甲貝,Water,Ice,50,95,180,85,45,70,1,FALSE
92,鬼斯,Ghost,Poison,30,35,30,100,35,80,1,FALSE
93,鬼斯通,Ghost,Poison,45,50,45,115,55,95,1,FALSE
94,耿鬼,Ghost,Poison,60,65,,130,75,110,1,FALSE
94,耿鬼Mega,Ghost,Poison,60,65,80,170,95,130,1,FALSE
95,大岩蛇,Rock,Ground,35,45,160,30,45,70,1,FALSE
96,催眠貘,Psychic,NA,60,48,45,43,90,42,1,FALSE
97,引夢貘人,Psychic,NA,85,73,70,73,115,67,1,FALSE
98,大鉗蟹,Water,NA,30,105,90,25,25,50,1,FALSE
99,巨鉗蟹,Water,NA,55,130,115,50,50,75,1,FALSE
100,霹靂電球,Electric,NA,40,30,50,55,55,100,1,FALSE
101,頑皮雷彈,Electric,NA,60,50,70,80,80,140,1,FALSE
102,蛋蛋,Grass,Psychic,60,40,80,60,45,40,1,FALSE
103,椰蛋樹,Grass,Psychic,95,95,85,125,65,55,1,FALSE
104,卡拉卡拉,Ground,NA,50,50,95,40,50,35,1,FALSE
105,嘎啦嘎啦,Ground,NA,60,80,110,50,80,45,1,FALSE
106,飛腿郎,Fighting,NA,50,120,53,35,110,87,1,FALSE
107,快拳郎,Fighting,NA,50,105,79,35,110,76,1,FALSE
108,大舌頭,Normal,NA,90,55,75,60,75,30,1,FALSE
109,瓦斯彈,Poison,NA,40,65,,60,45,35,1,FALSE
110,雙彈瓦斯,Poison,NA,65,90,120,85,70,60,1,FALSE
111,獨角犀牛,Ground,Rock,80,85,95,30,30,25,1,FALSE
112,鑽角犀獸,Ground,Rock,105,130,120,45,45,40,1,FALSE
113,吉利蛋,Normal,NA,250,5,5,35,105,50,1,FALSE
114,蔓藤怪,Grass,NA,65,55,115,100,40,60,1,FALSE
115,袋獸,Normal,NA,105,95,80,40,80,90,1,FALSE
115,袋獸Mega,Normal,NA,105,125,100,60,100,100,1,FALSE
116,墨海馬,Water,NA,30,40,70,70,25,60,1,FALSE
117,海刺龍,Water,NA,55,65,95,95,45,85,1,FALSE
118,角金魚,Water,NA,45,67,60,35,50,63,1,FALSE
119,金魚王,Water,NA,80,92,65,65,80,68,1,FALSE
120,海星星,Water,NA,30,45,55,70,55,85,1,FALSE
121,寶石海星,Water,Psychic,60,75,85,100,85,115,1,FALSE
122,魔牆人偶,Psychic,Fairy,40,45,65,100,120,90,1,FALSE
123,飛天螳螂,Bug,Flying,70,110,,55,80,105,1,FALSE
124,迷唇姐,Ice,Psychic,65,50,35,115,95,95,1,FALSE
125,電擊獸,Electric,NA,65,83,57,95,85,105,1,FALSE
126,鴨嘴火獸,Fire,NA,65,95,57,100,85,93,1,FALSE
127,凱羅斯,Bug,NA,65,125,100,55,70,85,1,FALSE
127,凱羅斯Mega,Bug,Flying,65,155,120,65,90,105,1,FALSE
128,肯泰羅,Normal,NA,75,100,95,40,70,110,1,FALSE
129,鯉魚王,Water,NA,20,10,55,15,20,80,1,FALSE
130,暴鯉龍,Water,Flying,95,125,79,60,100,81,1,FALSE
130,暴鯉龍Mega,Water,Dark,95,155,109,70,130,81,1,FALSE
131,拉普拉斯,Water,Ice,130,85,80,85,95,60,1,FALSE
132,百變怪,Normal,NA,48,48,48,48,48,48,1,FALSE
133,伊布,Normal,NA,55,55,50,45,65,55,1,FALSE
134,水伊布,Water,NA,130,65,60,110,95,65,1,FALSE
135,雷伊布,Electric,NA,65,65,60,110,95,130,1,FALSE
136,火伊布,Fire,NA,65,130,60,95,110,65,1,FALSE
137,多邊獸,Normal,NA,65,60,70,85,75,40,1,FALSE
138,菊石獸,Rock,Water,35,40,100,90,55,35,1,FALSE
139,多刺菊石獸,Rock,Water,70,60,125,115,70,55,1,FALSE
140,化石盔,Rock,Water,30,80,90,55,45,55,1,FALSE
141,鐮刀盔,Rock,Water,60,115,105,65,70,80,1,FALSE
142,化石翼龍,Rock,Flying,80,105,65,60,75,130,1,FALSE
142,化石翼龍Mega,Rock,Flying,80,135,,70,95,150,1,FALSE
143,卡比獸,Normal,NA,160,110,65,65,110,30,1,FALSE
144,急凍鳥,Ice,Flying,90,85,100,95,125,85,1,TRUE
145,閃電鳥,Electric,Flying,90,90,85,125,90,100,1,TRUE
146,火焰鳥,Fire,Flying,90,100,90,125,85,90,1,TRUE
147,迷你龍,Dragon,NA,41,64,45,50,50,50,1,FALSE
148,哈克龍,Dragon,NA,61,84,65,70,70,70,1,FALSE
149,快龍,Dragon,Flying,91,134,95,100,100,80,1,FALSE
150,超夢,Psychic,NA,106,110,90,154,90,130,1,TRUE
150,超夢MegaX,Psychic,Fighting,106,190,100,154,100,130,1,TRUE
150,超夢MegaY,Psychic,NA,106,150,70,194,120,140,1,TRUE
151,夢幻,Psychic,NA,100,100,100,100,100,100,1,FALSE
152,菊草葉,Grass,NA,45,49,65,49,65,45,2,FALSE
153,月桂葉,Grass,NA,60,62,80,63,80,60,2,FALSE
154,大竺葵,Grass,NA,80,82,100,83,100,80,2,FALSE
155,火球鼠,Fire,NA,39,52,,60,50,65,2,FALSE
156,火岩鼠,Fire,NA,58,64,58,80,65,80,2,FALSE
157,火爆獸,Fire,NA,78,84,78,109,85,100,2,FALSE
158,小鋸鱷,Water,NA,50,65,64,44,48,43,2,FALSE
159,藍鱷,Water,NA,65,80,80,59,63,58,2,FALSE
160,大力鱷,Water,NA,85,105,100,79,83,78,2,FALSE
161,尾立,Normal,NA,35,46,34,35,45,20,2,FALSE
162,大尾立,Normal,NA,85,76,64,45,55,90,2,FALSE
163,咕咕,Normal,Flying,60,30,30,36,56,50,2,FALSE
164,貓頭夜鷹,Normal,Flying,100,50,50,76,96,70,2,FALSE
165,芭瓢蟲,Bug,Flying,40,20,30,40,80,55,2,FALSE
166,安瓢蟲,Bug,Flying,55,35,50,55,110,85,2,FALSE
167,圓絲蛛,Bug,Poison,40,60,40,40,40,30,2,FALSE
168,阿利多斯,Bug,Poison,70,90,70,60,60,40,2,FALSE
169,叉字蝠,Poison,Flying,85,90,80,70,80,130,2,FALSE
170,燈籠魚,Water,Electric,75,38,38,56,56,67,2,FALSE
171,電燈怪,Water,Electric,125,58,58,76,76,67,2,FALSE
172,皮丘,Electric,NA,20,40,15,35,35,60,2,FALSE
173,皮寶寶,Fairy,NA,50,25,,45,55,15,2,FALSE
174,寶寶丁,Normal,Fairy,90,30,15,40,20,15,2,FALSE
175,波克比,Fairy,NA,35,20,65,40,65,20,2,FALSE
176,波克基古,Fairy,Flying,55,40,85,80,105,40,2,FALSE
177,天然雀,Psychic,Flying,40,50,45,70,45,70,2,FALSE
178,天然鳥,Psychic,Flying,65,75,70,95,70,95,2,FALSE
179,咩利羊,Electric,NA,55,40,40,65,45,35,2,FALSE
180,茸茸羊,Electric,NA,70,55,55,80,60,45,2,FALSE
181,電龍,Electric,NA,90,75,85,115,90,55,2,FALSE
181,電龍Mega,Electric,Dragon,90,95,105,165,110,45,2,FALSE
182,美麗花,Grass,NA,75,80,95,90,100,50,2,FALSE
183,瑪力露,Water,Fairy,70,20,50,20,50,40,2,FALSE
184,瑪力露麗,Water,Fairy,100,50,80,60,80,50,2,FALSE
185,樹才怪,Rock,NA,70,100,115,30,65,30,2,FALSE
186,蚊香蛙皇,Water,NA,90,75,75,90,100,70,2,FALSE
187,毽子草,Grass,Flying,35,35,40,35,55,50,2,FALSE
188,毽子花,Grass,Flying,55,45,50,45,65,80,2,FALSE
189,毽子棉,Grass,Flying,75,55,70,55,95,110,2,FALSE
190,長尾怪手,Normal,NA,55,70,,40,55,85,2,FALSE
191,向日種子,Grass,NA,30,30,30,30,30,30,2,FALSE
192,向日花怪,Grass,NA,75,75,55,105,85,30,2,FALSE
193,蜻蜻蜓,Bug,Flying,65,65,45,75,45,95,2,FALSE
194,烏波,Water,Ground,55,45,45,25,25,15,2,FALSE
195,沼王,Water,Ground,95,85,85,65,65,35,2,FALSE
196,太陽伊布,Psychic,NA,65,65,60,130,95,110,2,FALSE
197,月亮伊布,Dark,NA,95,65,110,60,130,65,2,FALSE
198,黑暗鴉,Dark,Flying,60,85,42,85,42,91,2,FALSE
199,呆呆王,Water,Psychic,95,75,80,100,110,30,2,FALSE
200,夢妖,Ghost,NA,60,60,60,85,85,85,2,FALSE
201,未知圖騰,Psychic,NA,48,72,48,72,48,48,2,FALSE
202,果然翁,Psychic,NA,190,33,58,33,58,33,2,FALSE
203,麒麟奇,Normal,Psychic,70,80,65,90,65,85,2,FALSE
204,榛果球,Bug,NA,50,65,90,35,35,15,2,FALSE
205,佛烈托斯,Bug,Steel,75,90,,60,60,40,2,FALSE
206,土龍弟弟,Normal,NA,100,70,70,65,65,45,2,FALSE
207,天蠍,Ground,Flying,65,75,105,35,65,85,2,FALSE
208,大鋼蛇,Steel,Ground,75,85,200,55,65,30,2,FALSE
208,大鋼蛇Mega,Steel,Ground,75,125,230,55,95,30,2,FALSE
209,布魯,Fairy,NA,60,80,50,40,40,30,2,FALSE
210,布魯皇,Fairy,NA,90,120,75,60,60,45,2,FALSE
211,千針魚,Water,Poison,65,95,75,55,55,85,2,FALSE
212,巨鉗螳螂,Bug,Steel,70,130,100,55,80,65,2,FALSE
212,巨鉗螳螂Mega,Bug,Steel,70,150,140,65,100,75,2,FALSE
213,壺壺,Bug,Rock,20,10,230,10,230,5,2,FALSE
214,赫拉克羅斯,Bug,Fighting,80,125,75,40,95,85,2,FALSE
214,赫拉克羅斯Mega,Bug,Fighting,80,185,115,40,105,75,2,FALSE
215,狃拉,Dark,Ice,55,95,55,35,75,115,2,FALSE
216,熊寶寶,Normal,NA,60,80,50,50,50,40,2,FALSE
217,圈圈熊,Normal,NA,90,130,75,75,75,55,2,FALSE
218,熔岩蟲,Fire,NA,40,40,40,70,40,20,2,FALSE
219,熔岩蝸牛,Fire,Rock,50,50,120,80,80,30,2,FALSE
220,小山豬,Ice,Ground,50,50,,30,30,50,2,FALSE
221,長毛豬,Ice,Ground,100,100,80,60,60,50,2,FALSE
222,太陽珊瑚,Water,Rock,55,55,85,65,85,35,2,FALSE
223,鐵炮魚,Water,NA,35,65,35,65,35,65,2,FALSE
224,章魚桶,Water,NA,75,105,75,105,75,45,2,FALSE
225,信使鳥,Ice,Flying,45,55,45,65,45,75,2,FALSE
226,巨翅飛魚,Water,Flying,65,40,70,80,140,70,2,FALSE
227,盔甲鳥,Steel,Flying,65,80,140,40,70,70,2,FALSE
228,戴魯比,Dark,Fire,45,60,30,80,50,65,2,FALSE
229,黑魯加,Dark,Fire,75,90,50,110,80,95,2,FALSE
229,黑魯加Mega,Dark,Fire,75,90,90,140,90,115,2,FALSE
230,刺龍王,Water,Dragon,75,95,95,95,95,85,2,FALSE
231,小小象,Ground,NA,90,60,60,40,40,40,2,FALSE
232,頓甲,Ground,NA,90,120,120,60,60,50,2,FALSE
233,多邊獸Ⅱ,Normal,NA,85,80,90,105,95,60,2,FALSE
234,驚角鹿,Normal,NA,73,95,62,85,65,85,2,FALSE
235,圖圖犬,Normal,NA,55,20,35,20,45,75,2,FALSE
236,無畏小子,Fighting,NA,35,35,35,35,35,35,2,FALSE
237,戰舞郎,Fighting,NA,50,95,,35,110,70,2,FALSE
238,迷唇娃,Ice,Psychic,45,30,15,85,65,65,2,FALSE
239,電擊怪,Electric,NA,45,63,37,65,55,95,2,FALSE
240,鴨嘴寶寶,Fire,NA,45,75,37,70,55,83,2,FALSE
241,大奶罐,Normal,NA,95,80,105,40,70,100,2,FALSE
242,幸福蛋,Normal,NA,255,10,10,75,135,55,2,FALSE
243,雷公,Electric,NA,90,85,75,115,100,115,2,TRUE
244,炎帝,Fire,NA,115,115,85,90,75,100,2,TRUE
245,水君,Water,NA,100,75,115,90,115,85,2,TRUE
246,幼基拉斯,Rock,Ground,50,64,50,45,50,41,2,FALSE
247,沙基拉斯,Rock,Ground,70,84,70,65,70,51,2,FALSE
248,班基拉斯,Rock,Dark,100,134,110,95,100,61,2,FALSE
248,班基拉斯Mega,Rock,Dark,100,164,150,95,120,71,2,FALSE
249,洛奇亞,Psychic,Flying,106,90,130,90,154,110,2,TRUE
250,鳳王,Fire,Flying,106,130,90,110,154,90,2,TRUE
251,時拉比,Psychic,Grass,100,100,100,100,100,100,2,FALSE
252,木守宮,Grass,NA,40,45,35,65,55,70,3,FALSE
253,森林蜥蜴,Grass,NA,50,65,45,85,65,95,3,FALSE
254,蜥蜴王,Grass,NA,70,85,,105,85,120,3,FALSE
254,蜥蜴王Mega,Grass,Dragon,70,110,75,145,85,145,3,FALSE
255,火稚雞,Fire,NA,45,60,40,70,50,45,3,FALSE
256,力壯雞,Fire,Fighting,60,85,60,85,60,55,3,FALSE
257,火焰雞,Fire,Fighting,80,120,70,110,70,80,3,FALSE
257,火焰雞Mega,Fire,Fighting,80,160,80,130,80,100,3,FALSE
258,水躍魚,Water,NA,50,70,50,50,50,40,3,FALSE
259,沼躍魚,Water,Ground,70,85,70,60,70,50,3,FALSE
260,巨沼怪,Water,Ground,100,110,90,85,90,60,3,FALSE
260,巨沼怪Mega,Water,Ground,100,150,110,95,110,70,3,FALSE
261,土狼犬,Dark,NA,35,55,35,30,30,35,3,FALSE
262,大狼犬,Dark,NA,70,90,70,60,60,70,3,FALSE
263,蛇紋熊,Normal,NA,38,30,41,30,41,60,3,FALSE
264,直衝熊,Normal,NA,78,70,61,50,61,100,3,FALSE
265,刺尾蟲,Bug,NA,45,45,35,20,30,20,3,FALSE
266,甲殼繭,Bug,NA,50,35,55,25,25,15,3,FALSE
267,狩獵鳳蝶,Bug,Flying,60,70,50,100,50,65,3,FALSE
268,盾甲繭,Bug,NA,50,35,55,25,25,15,3,FALSE
269,毒粉蛾,Bug,Poison,60,50,70,50,90,65,3,FALSE
270,蓮葉童子,Water,Grass,40,30,30,40,50,30,3,FALSE
271,蓮帽小童,Water,Grass,60,50,50,60,70,50,3,FALSE
272,樂天河童,Water,Grass,80,70,70,90,100,70,3,FALSE
273,橡實果,Grass,NA,40,40,50,30,30,30,3,FALSE
274,長鼻葉,Grass,Dark,70,70,40,60,40,60,3,FALSE
275,狡猾天狗,Grass,Dark,90,100,60,90,60,80,3,FALSE
276,傲骨燕,Normal,Flying,40,55,30,30,30,85,3,FALSE
277,大王燕,Normal,Flying,60,85,60,50,50,125,3,FALSE
278,長翅鷗,Water,Flying,40,30,,55,30,85,3,FALSE
279,大嘴鷗,Water,Flying,60,50,100,85,70,65,3,FALSE
280,拉魯拉絲,Psychic,Fairy,28,25,25,45,35,40,3,FALSE
281,奇魯莉安,Psychic,Fairy,38,35,35,65,55,50,3,FALSE
282,沙奈朵,Psychic,Fairy,68,65,65,125,115,80,3,FALSE
282,沙奈朵Mega,Psychic,Fairy,68,85,65,165,135,100,3,FALSE
283,溜溜糖球,Bug,Water,40,30,32,50,52,65,3,FALSE
284,雨翅蛾,Bug,Flying,70,60,62,80,82,60,3,FALSE
285,蘑蘑菇,Grass,NA,60,40,60,40,60,35,3,FALSE
286,斗笠菇,Grass,Fighting,60,130,80,60,60,70,3,FALSE
287,懶人獺,Normal,NA,60,60,60,35,35,30,3,FALSE
288,過動猿,Normal,NA,80,80,80,55,55,90,3,FALSE
289,請假王,Normal,NA,150,160,100,95,65,100,3,FALSE
290,土居忍士,Bug,Ground,31,45,90,30,30,40,3,FALSE
291,鐵面忍者,Bug,Flying,61,90,45,50,50,160,3,FALSE
292,脫殼忍者,Bug,Ghost,1,90,45,30,30,40,3,FALSE
293,咕妞妞,Normal,NA,64,51,23,51,23,28,3,FALSE
294,吼爆彈,Normal,NA,84,71,43,71,43,48,3,FALSE
295,爆音怪,Normal,NA,104,91,63,91,73,68,3,FALSE
296,幕下力士,Fighting,NA,72,60,30,20,30,25,3,FALSE
297,鐵掌力士,Fighting,NA,144,120,60,40,60,50,3,FALSE
298,露力麗,Normal,Fairy,50,20,40,20,40,20,3,FALSE
299,朝北鼻,Rock,NA,30,45,135,45,90,30,3,FALSE
300,向尾喵,Normal,NA,50,45,45,35,35,50,3,FALSE
301,優雅貓,Normal,NA,70,65,65,55,55,70,3,FALSE
302,勾魂眼,Dark,Ghost,50,75,75,65,65,50,3,FALSE
302,勾魂眼Mega,Dark,Ghost,50,85,125,85,115,20,3,FALSE
303,大嘴娃,Steel,Fairy,50,85,85,55,55,50,3,FALSE
303,大嘴娃Mega,Steel,Fairy,50,105,125,55,95,50,3,FALSE
304,可可多拉,Steel,Rock,50,70,100,40,40,30,3,FALSE
305,可多拉,Steel,Rock,60,90,140,50,50,40,3,FALSE
306,波士可多拉,Steel,Rock,70,110,180,60,60,50,3,FALSE
306,波士可多拉Mega,Steel,NA,70,140,230,60,80,50,3,FALSE
307,瑪沙那,Fighting,Psychic,30,40,55,40,55,60,3,FALSE
308,恰雷姆,Fighting,Psychic,60,60,75,60,75,80,3,FALSE
308,恰雷姆Mega,Fighting,Psychic,60,100,85,80,85,100,3,FALSE
309,落雷獸,Electric,NA,40,45,40,65,40,65,3,FALSE
310,雷電獸,Electric,NA,70,75,60,105,60,105,3,FALSE
310,雷電獸Mega,Electric,NA,70,75,80,135,80,135,3,FALSE
311,正電拍拍,Electric,NA,60,50,40,85,75,95,3,FALSE
312,負電拍拍,Electric,NA,60,40,50,75,85,95,3,FALSE
313,電螢蟲,Bug,NA,65,73,55,47,75,85,3,FALSE
314,甜甜螢,Bug,NA,65,47,55,73,75,85,3,FALSE
315,毒薔薇,Grass,Poison,50,60,45,100,80,65,3,FALSE
316,溶食獸,Poison,NA,70,43,53,43,53,40,3,FALSE
317,吞食獸,Poison,NA,100,73,83,73,83,55,3,FALSE
318,利牙魚,Water,Dark,45,90,20,65,20,65,3,FALSE
319,巨牙鯊,Water,Dark,70,120,40,95,40,95,3,FALSE
319,巨牙鯊Mega,Water,Dark,70,140,70,110,65,105,3,FALSE
320,吼吼鯨,Water,NA,130,70,35,70,35,60,3,FALSE
321,吼鯨王,Water,NA,170,90,45,90,45,60,3,FALSE
322,呆火駝,Fire,Ground,60,60,40,65,45,35,3,FALSE
323,噴火駝,Fire,Ground,70,100,70,105,75,40,3,FALSE
323,噴火駝Mega,Fire,Ground,70,120,100,145,105,20,3,FALSE
324,煤炭龜,Fire,NA,70,85,140,85,70,20,3,FALSE
325,跳跳豬,Psychic,NA,60,25,35,70,80,60,3,FALSE
326,噗噗豬,Psychic,NA,80,45,65,90,110,80,3,FALSE
327,晃晃斑,Normal,NA,60,60,60,60,60,60,3,FALSE
328,大顎蟻,Ground,NA,45,100,45,45,45,10,3,FALSE
329,超音波幼蟲,Ground,Dragon,50,70,50,50,50,70,3,FALSE
330,沙漠蜻蜓,Ground,Dragon,80,100,80,80,80,100,3,FALSE
331,刺球仙人掌,Grass,NA,50,85,40,85,40,35,3,FALSE
332,夢歌仙人掌,Grass,Dark,70,115,60,115,60,55,3,FALSE
333,青綿鳥,Normal,Flying,45,40,60,40,75,50,3,FALSE
334,七夕青鳥,Dragon,Flying,75,70,90,70,105,80,3,FALSE
334,七夕青鳥Mega,Dragon,Fairy,75,110,110,110,105,80,3,FALSE
335,貓鼬斬,Normal,NA,73,115,60,60,60,90,3,FALSE
336,飯匙蛇,Poison,NA,73,100,60,100,60,65,3,FALSE
337,月石,Rock,Psychic,70,55,65,95,85,70,3,FALSE
338,太陽岩,Rock,Psychic,70,95,85,55,65,70,3,FALSE
339,泥泥鰍,Water,Ground,50,48,43,46,41,60,3,FALSE
340,鯰魚王,Water,Ground,110,78,73,76,71,60,3,FALSE
341,龍蝦小兵,Water,NA,43,80,65,50,35,35,3,FALSE
342,鐵螯龍蝦,Water,Dark,63,120,85,90,55,55,3,FALSE
343,天秤偶,Ground,Psychic,40,40,55,40,70,55,3,FALSE
344,念力土偶,Ground,Psychic,60,70,105,70,120,75,3,FALSE
345,觸手百合,Rock,Grass,66,41,77,61,87,23,3,FALSE
346,搖籃百合,Rock,Grass,86,81,97,81,107,43,3,FALSE
347,太古羽蟲,Rock,Bug,45,95,50,40,50,75,3,FALSE
348,太古盔甲,Rock,Bug,75,125,100,70,80,45,3,FALSE
349,醜醜魚,Water,NA,20,15,20,10,55,80,3,FALSE
350,美納斯,Water,NA,95,60,79,100,125,81,3,FALSE
351,飄浮泡泡,Normal,NA,70,70,70,70,70,70,3,FALSE
352,變隱龍,Normal,NA,60,90,70,60,120,40,3,FALSE
353,怨影娃娃,Ghost,NA,44,75,35,63,33,45,3,FALSE
354,詛咒娃娃,Ghost,NA,64,115,65,83,63,65,3,FALSE
354,詛咒娃娃Mega,Ghost,NA,64,165,75,93,83,75,3,FALSE
355,夜巡靈,Ghost,NA,20,40,90,30,90,25,3,FALSE
356,彷徨夜靈,Ghost,NA,40,70,130,60,130,25,3,FALSE
357,熱帶龍,Grass,Flying,99,68,83,72,87,51,3,FALSE
358,風鈴鈴,Psychic,NA,65,50,70,95,80,65,3,FALSE
359,阿勃梭魯,Dark,NA,65,130,60,75,60,75,3,FALSE
359,阿勃梭魯Mega,Dark,NA,65,150,60,115,60,115,3,FALSE
360,小果然,Psychic,NA,95,23,48,23,48,23,3,FALSE
361,雪童子,Ice,NA,50,50,50,50,50,50,3,FALSE
362,冰鬼護,Ice,NA,80,80,80,80,80,80,3,FALSE
362,冰鬼護Mega,Ice,NA,80,120,80,120,80,100,3,FALSE
363,海豹球,Ice,Water,70,40,50,55,50,25,3,FALSE
364,海魔獅,Ice,Water,90,60,70,75,70,45,3,FALSE
365,帝牙海獅,Ice,Water,110,80,90,95,90,65,3,FALSE
366,珍珠貝,Water,NA,35,64,85,74,55,32,3,FALSE
367,獵斑魚,Water,NA,55,104,105,94,75,52,3,FALSE
368,櫻花魚,Water,NA,55,84,105,114,75,52,3,FALSE
369,古空棘魚,Water,Rock,100,90,130,45,65,55,3,FALSE
370,愛心魚,Water,NA,43,30,55,40,65,97,3,FALSE
371,寶貝龍,Dragon,NA,45,75,60,40,30,50,3,FALSE
372,甲殼龍,Dragon,NA,65,95,100,60,50,50,3,FALSE
373,暴飛龍,Dragon,Flying,95,135,80,110,80,100,3,FALSE
373,暴飛龍Mega,Dragon,Flying,95,145,130,120,90,120,3,FALSE
374,鐵啞鈴,Steel,Psychic,40,55,80,35,60,30,3,FALSE
375,金屬怪,Steel,Psychic,60,75,100,55,80,50,3,FALSE
376,巨金怪,Steel,Psychic,80,135,130,95,90,70,3,FALSE
376,巨金怪Mega,Steel,Psychic,80,145,150,105,110,110,3,FALSE
377,雷吉洛克,Rock,NA,80,100,200,50,100,50,3,TRUE
378,雷吉艾斯,Ice,NA,80,50,100,100,200,50,3,TRUE
379,雷吉斯奇魯,Steel,NA,80,75,150,75,150,50,3,TRUE
380,拉帝亞斯,Dragon,Psychic,80,80,90,110,130,110,3,TRUE
380,拉帝亞斯Mega,Dragon,Psychic,80,100,120,140,150,110,3,TRUE
381,拉帝歐斯,Dragon,Psychic,80,90,80,130,110,110,3,TRUE
381,拉帝歐斯Mega,Dragon,Psychic,80,130,100,160,120,110,3,TRUE
382,蓋歐卡,Water,NA,100,100,90,150,140,90,3,TRUE
382,蓋歐卡Mega,Water,NA,100,150,90,180,160,90,3,TRUE
383,固拉多,Ground,NA,100,150,140,100,90,90,3,TRUE
383,固拉多Mega,Ground,Fire,100,180,160,150,90,90,3,TRUE
384,烈空坐,Dragon,Flying,105,150,90,150,90,95,3,TRUE
384,烈空坐Mega,Dragon,Flying,105,180,100,180,100,115,3,TRUE
385,基拉祈,Steel,Psychic,100,100,100,100,100,100,3,TRUE
386,代歐奇希斯(正常),Psychic,NA,50,150,50,150,50,150,3,TRUE
386,代歐奇希斯(攻擊),Psychic,NA,50,180,20,180,20,150,3,TRUE
386,代歐奇希斯(防禦),Psychic,NA,50,70,160,70,160,90,3,TRUE
386,代歐奇希斯(速度),Psychic,NA,50,95,90,95,90,180,3,TRUE
387,草苗龜,Grass,NA,55,68,64,45,55,31,4,FALSE
388,樹林龜,Grass,NA,75,89,85,55,65,36,4,FALSE
389,土台龜,Grass,Ground,95,109,105,75,85,56,4,FALSE
390,小火焰猴,Fire,NA,44,58,44,58,44,61,4,FALSE
391,猛火猴,Fire,Fighting,64,78,52,78,52,81,4,FALSE
392,烈焰猴,Fire,Fighting,76,104,71,104,71,108,4,FALSE
393,波加曼,Water,NA,53,51,53,61,56,40,4,FALSE
394,波皇子,Water,NA,64,66,68,81,76,50,4,FALSE
395,帝王拿波,Water,Steel,84,86,88,111,101,60,4,FALSE
396,姆克兒,Normal,Flying,40,55,30,30,30,60,4,FALSE
397,姆克鳥,Normal,Flying,55,75,50,40,40,80,4,FALSE
398,姆克鷹,Normal,Flying,85,120,70,50,60,100,4,FALSE
399,大牙狸,Normal,NA,59,45,40,35,40,31,4,FALSE
400,大尾狸,Normal,Water,79,85,60,55,60,71,4,FALSE
401,圓法師,Bug,NA,37,25,41,25,41,25,4,FALSE
402,音箱蟀,Bug,NA,77,85,51,55,51,65,4,FALSE
403,小貓怪,Electric,NA,45,65,34,40,34,45,4,FALSE
404,勒克貓,Electric,NA,60,85,49,60,49,60,4,FALSE
405,倫琴貓,Electric,NA,80,120,79,95,79,70,4,FALSE
406,含羞苞,Grass,Poison,40,30,35,50,70,55,4,FALSE
407,羅絲雷朵,Grass,Poison,60,70,65,125,105,90,4,FALSE
408,頭蓋龍,Rock,NA,67,125,40,30,30,58,4,FALSE
409,戰槌龍,Rock,NA,97,165,60,65,50,58,4,FALSE
410,盾甲龍,Rock,Steel,30,42,118,42,88,30,4,FALSE
411,護城龍,Rock,Steel,60,52,168,47,138,30,4,FALSE
412,結草兒,Bug,NA,40,29,45,29,45,36,4,FALSE
413,結草貴婦(植物蓑衣),Bug,Grass,60,59,85,79,105,36,4,FALSE
413,結草貴婦(草木蓑衣),Bug,Ground,60,79,105,59,85,36,4,FALSE
413,結草貴婦(垃圾蓑衣),Bug,Steel,60,69,95,69,95,36,4,FALSE
414,紳士蛾,Bug,Flying,70,94,50,94,50,66,4,FALSE
415,三蜜蜂,Bug,Flying,30,30,42,30,42,70,4,FALSE
416,蜂女王,Bug,Flying,70,80,102,80,102,40,4,FALSE
417,帕奇利茲,Electric,NA,60,45,70,45,90,95,4,FALSE
418,泳圈鼬,Water,NA,55,65,35,60,30,85,4,FALSE
419,浮潛鼬,Water,NA,85,105,55,85,50,115,4,FALSE
420,櫻花寶,Grass,NA,45,35,45,62,53,35,4,FALSE
421,櫻花兒,Grass,NA,70,60,70,87,78,85,4,FALSE
422,無殼海兔,Water,NA,76,48,48,57,62,34,4,FALSE
423,海兔獸,Water,Ground,111,83,68,92,82,39,4,FALSE
424,雙尾怪手,Normal,NA,75,100,66,60,66,115,4,FALSE
425,飄飄球,Ghost,Flying,90,50,34,60,44,70,4,FALSE
426,隨風球,Ghost,Flying,150,80,44,90,54,80,4,FALSE
427,捲捲耳,Normal,NA,55,66,44,44,56,85,4,FALSE
428,長耳兔,Normal,NA,65,76,84,54,96,105,4,FALSE
428,長耳兔Mega,Normal,Fighting,65,136,94,54,96,135,4,FALSE
429,夢妖魔,Ghost,NA,60,60,60,105,105,105,4,FALSE
430,烏鴉頭頭,Dark,Flying,100,125,52,105,52,71,4,FALSE
431,魅力喵,Normal,NA,49,55,42,42,37,85,4,FALSE
432,東施喵,Normal,NA,71,82,64,64,59,112,4,FALSE
433,鈴鐺響,Psychic,NA,45,30,50,65,50,45,4,FALSE
434,臭鼬噗,Poison,Dark,63,63,47,41,41,74,4,FALSE
435,坦克臭鼬,Poison,Dark,103,93,67,71,61,84,4,FALSE
436,銅鏡怪,Steel,Psychic,57,24,86,24,86,23,4,FALSE
437,青銅鐘,Steel,Psychic,67,89,116,79,116,33,4,FALSE
438,盆才怪,Rock,NA,50,80,95,10,45,10,4,FALSE
439,魔尼尼,Psychic,Fairy,20,25,45,70,90,60,4,FALSE
440,小福蛋,Normal,NA,100,5,5,15,65,30,4,FALSE
441,聒噪鳥,Normal,Flying,76,65,45,92,42,91,4,FALSE
442,花岩怪,Ghost,Dark,50,92,108,92,108,35,4,FALSE
443,圓陸鯊,Dragon,Ground,58,70,45,40,45,42,4,FALSE
444,尖牙陸鯊,Dragon,Ground,68,90,65,50,55,82,4,FALSE
445,烈咬陸鯊,Dragon,Ground,108,130,95,80,85,102,4,FALSE
445,烈咬陸鯊Mega,Dragon,Ground,108,170,115,120,95,92,4,FALSE
446,小卡比獸,Normal,NA,135,85,40,40,85,5,4,FALSE
447,利歐路,Fighting,NA,40,70,40,35,40,60,4,FALSE
448,路卡利歐,Fighting,Steel,70,110,70,115,70,90,4,FALSE
448,路卡利歐Mega,Fighting,Steel,70,145,88,140,70,112,4,FALSE
449,沙河馬,Ground,NA,68,72,78,38,42,32,4,FALSE
450,河馬獸,Ground,NA,108,112,118,68,72,47,4,FALSE
451,鉗尾蠍,Poison,Bug,40,50,90,30,55,65,4,FALSE
452,龍王蠍,Poison,Dark,70,90,110,60,75,95,4,FALSE
453,不良蛙,Poison,Fighting,48,61,40,61,40,50,4,FALSE
454,毒骷蛙,Poison,Fighting,83,106,65,86,65,85,4,FALSE
455,尖牙籠,Grass,NA,74,100,72,90,72,46,4,FALSE
456,螢光魚,Water,NA,49,49,56,49,61,66,4,FALSE
457,霓虹魚,Water,NA,69,69,76,69,86,91,4,FALSE
458,小球飛魚,Water,Flying,45,20,50,60,120,50,4,FALSE
459,雪笠怪,Grass,Ice,60,62,50,62,60,40,4,FALSE
460,暴雪王,Grass,Ice,90,92,75,92,85,60,4,FALSE
460,暴雪王Mega,Grass,Ice,90,132,105,132,105,30,4,FALSE
461,瑪狃拉,Dark,Ice,70,120,65,45,85,125,4,FALSE
462,自爆磁怪,Electric,Steel,70,70,115,130,90,60,4,FALSE
463,大舌舔,Normal,NA,110,85,95,80,95,50,4,FALSE
464,超甲狂犀,Ground,Rock,115,140,130,55,55,40,4,FALSE
465,巨蔓藤,Grass,NA,100,100,125,110,50,50,4,FALSE
466,電擊魔獸,Electric,NA,75,123,67,95,85,95,4,FALSE
467,鴨嘴炎獸,Fire,NA,75,95,67,125,95,83,4,FALSE
468,波克基斯,Fairy,Flying,85,50,95,120,115,80,4,FALSE
469,遠古巨蜓,Bug,Flying,86,76,86,116,56,95,4,FALSE
470,葉伊布,Grass,NA,65,110,130,60,65,95,4,FALSE
471,冰伊布,Ice,NA,65,60,110,130,95,65,4,FALSE
472,天蠍王,Ground,Flying,75,95,125,45,75,95,4,FALSE
473,象牙豬,Ice,Ground,110,130,80,70,60,80,4,FALSE
474,多邊獸Ｚ,Normal,NA,85,80,70,135,75,90,4,FALSE
475,艾路雷朵,Psychic,Fighting,68,125,65,65,115,80,4,FALSE
475,艾路雷朵Mega,Psychic,Fighting,68,165,95,65,115,110,4,FALSE
476,大朝北鼻,Rock,Steel,60,55,145,75,150,40,4,FALSE
477,黑夜魔靈,Ghost,NA,45,100,135,65,135,45,4,FALSE
478,雪妖女,Ice,Ghost,70,80,70,80,70,110,4,FALSE
479,洛托姆,Electric,Ghost,50,50,77,95,77,91,4,FALSE
479,洛托姆-Heat,Electric,Fire,50,65,107,105,107,86,4,FALSE
479,洛托姆-Wash,Electric,Water,50,65,107,105,107,86,4,FALSE
479,洛托姆-Forst,Electric,Ice,50,65,107,105,107,86,4,FALSE
479,洛托姆-Fan,Electric,Flying,50,65,107,105,107,86,4,FALSE
479,洛托姆-Mow,Electric,Grass,50,65,107,105,107,86,4,FALSE
480,由克希,Psychic,NA,75,75,130,75,130,95,4,TRUE
481,艾姆利多,Psychic,NA,80,105,105,105,105,80,4,TRUE
482,亞克諾姆,Psychic,NA,75,125,70,125,70,115,4,TRUE
483,帝牙盧卡,Steel,Dragon,100,120,120,150,100,90,4,TRUE
484,帕路奇亞,Water,Dragon,90,120,100,150,120,100,4,TRUE
485,席多藍恩,Fire,Steel,91,90,106,130,106,77,4,TRUE
486,雷吉奇卡斯,Normal,NA,110,160,110,80,110,100,4,TRUE
487,騎拉帝納-Altered,Ghost,Dragon,150,100,120,100,120,90,4,TRUE
487,騎拉帝納-Origin,Ghost,Dragon,150,120,100,120,100,90,4,TRUE
488,克雷色利亞,Psychic,NA,120,70,120,75,130,85,4,FALSE
489,霏歐納,Water,NA,80,80,80,80,80,80,4,FALSE
490,瑪納霏,Water,NA,100,100,100,100,100,100,4,FALSE
491,達克萊伊,Dark,NA,70,90,90,135,90,125,4,TRUE
492,謝米-Land,Grass,NA,100,100,100,100,100,100,4,TRUE
492,謝米-sky,Grass,Flying,100,103,75,120,75,127,4,TRUE
493,阿爾宙斯,Normal,NA,120,120,120,120,120,120,4,TRUE
494,比克提尼,Psychic,Fire,100,100,100,100,100,100,5,TRUE
495,藤藤蛇,Grass,NA,45,45,55,45,55,63,5,FALSE
496,青藤蛇,Grass,NA,60,60,75,60,75,83,5,FALSE
497,君主蛇,Grass,NA,75,75,95,75,95,113,5,FALSE
498,暖暖豬,Fire,NA,65,63,45,45,45,45,5,FALSE
499,炒炒豬,Fire,Fighting,90,93,55,70,55,55,5,FALSE
500,炎武王,Fire,Fighting,110,123,65,100,65,65,5,FALSE
501,水水獺,Water,NA,55,55,45,63,45,45,5,FALSE
502,雙刃丸,Water,NA,75,75,60,83,60,60,5,FALSE
503,大劍鬼,Water,NA,95,100,85,108,70,70,5,FALSE
504,探探鼠,Normal,NA,45,55,39,35,39,42,5,FALSE
505,步哨鼠,Normal,NA,60,85,69,60,69,77,5,FALSE
506,小約克,Normal,NA,45,60,45,25,45,55,5,FALSE
507,哈約克,Normal,NA,65,80,65,35,65,60,5,FALSE
508,長毛狗,Normal,NA,85,110,90,45,90,80,5,FALSE
509,扒手貓,Dark,NA,41,50,37,50,37,66,5,FALSE
510,酷豹,Dark,NA,64,88,50,88,50,106,5,FALSE
511,花椰猴,Grass,NA,50,53,48,53,48,64,5,FALSE
512,花椰猿,Grass,NA,75,98,63,98,63,101,5,FALSE
513,爆香猴,Fire,NA,50,53,48,53,48,64,5,FALSE
514,爆香猿,Fire,NA,75,98,63,98,63,101,5,FALSE
515,冷水猴,Water,NA,50,53,48,53,48,64,5,FALSE
516,冷水猿,Water,NA,75,98,63,98,63,101,5,FALSE
517,食夢夢,Psychic,NA,76,25,45,67,55,24,5,FALSE
518,夢夢蝕,Psychic,NA,116,55,85,107,95,29,5,FALSE
519,豆豆鴿,Normal,Flying,50,55,50,36,30,43,5,FALSE
520,咕咕鴿,Normal,Flying,62,77,62,50,42,65,5,FALSE
521,高傲雉雞,Normal,Flying,80,115,80,65,55,93,5,FALSE
522,斑斑馬,Electric,NA,45,60,32,50,32,76,5,FALSE
523,雷電斑馬,Electric,NA,75,100,63,80,63,116,5,FALSE
524,石丸子,Rock,NA,55,75,85,25,25,15,5,FALSE
525,地幔岩,Rock,NA,70,105,105,50,40,20,5,FALSE
526,龐岩怪,Rock,NA,85,135,130,60,80,25,5,FALSE
527,滾滾蝙蝠,Psychic,Flying,55,45,43,55,43,72,5,FALSE
528,心蝙蝠,Psychic,Flying,67,57,55,77,55,114,5,FALSE
529,螺釘地鼠,Ground,NA,60,85,40,30,45,68,5,FALSE
530,龍頭地鼠,Ground,Steel,110,135,60,50,65,88,5,FALSE
531,差不多娃娃,Normal,NA,103,60,86,60,86,50,5,FALSE
531,差不多娃娃Mega,Normal,Fairy,103,60,126,80,126,50,5,FALSE
532,搬運小匠,Fighting,NA,75,80,55,25,35,35,5,FALSE
533,鐵骨土人,Fighting,NA,85,105,85,40,50,40,5,FALSE
534,修建老匠,Fighting,NA,105,140,95,55,65,45,5,FALSE
535,圓蝌蚪,Water,NA,50,50,40,50,40,64,5,FALSE
536,藍蟾蜍,Water,Ground,75,65,55,65,55,69,5,FALSE
537,蟾蜍王,Water,Ground,105,95,75,85,75,74,5,FALSE
538,投摔鬼,Fighting,NA,120,100,85,30,85,45,5,FALSE
539,打擊鬼,Fighting,NA,75,125,75,30,75,85,5,FALSE
540,蟲寶包,Bug,Grass,45,53,70,40,60,42,5,FALSE
541,寶包繭,Bug,Grass,55,63,90,50,80,42,5,FALSE
542,保母蟲,Bug,Grass,75,103,80,70,80,92,5,FALSE
543,百足蜈蚣,Bug,Poison,30,45,59,30,39,57,5,FALSE
544,車輪毬,Bug,Poison,40,55,99,40,79,47,5,FALSE
545,蜈蚣王,Bug,Poison,60,100,89,55,69,112,5,FALSE
546,木棉球,Grass,Fairy,40,27,60,37,50,66,5,FALSE
547,風妖精,Grass,Fairy,60,67,85,77,75,116,5,FALSE
548,百合根娃娃,Grass,NA,45,35,50,70,50,30,5,FALSE
549,裙兒小姐,Grass,NA,70,60,75,110,75,90,5,FALSE
550,野蠻鱸魚,Water,NA,70,92,65,80,55,98,5,FALSE
551,黑眼鱷,Ground,Dark,50,72,35,35,35,65,5,FALSE
552,混混鱷,Ground,Dark,60,82,45,45,45,74,5,FALSE
553,流氓鱷,Ground,Dark,95,117,80,65,70,92,5,FALSE
554,火紅不倒翁,Fire,NA,70,90,45,15,45,50,5,FALSE
555,達摩狒狒-Standard,Fire,NA,105,140,55,30,55,95,5,FALSE
555,達摩狒狒-Zen,Fire,Psychic,105,30,105,140,105,55,5,FALSE
556,沙鈴仙人掌,Grass,NA,75,86,67,106,67,60,5,FALSE
557,石居蟹,Bug,Rock,50,65,85,35,35,55,5,FALSE
558,岩殿居蟹,Bug,Rock,70,95,125,65,75,45,5,FALSE
559,滑滑小子,Dark,Fighting,50,75,70,35,70,48,5,FALSE
560,頭巾混混,Dark,Fighting,65,90,115,45,115,58,5,FALSE
561,象徵鳥,Psychic,Flying,72,58,80,103,80,97,5,FALSE
562,哭哭面具,Ghost,NA,38,30,85,55,65,30,5,FALSE
563,死神棺,Ghost,NA,58,50,145,95,105,30,5,FALSE
564,原蓋海龜,Water,Rock,54,78,103,53,45,22,5,FALSE
565,肋骨海龜,Water,Rock,74,108,133,83,65,32,5,FALSE
566,始祖小鳥,Rock,Flying,55,112,45,74,45,70,5,FALSE
567,始祖大鳥,Rock,Flying,75,140,65,112,65,110,5,FALSE
568,破破袋,Poison,NA,50,50,62,40,62,65,5,FALSE
569,灰塵山,Poison,NA,80,95,82,60,82,75,5,FALSE
570,索羅亞,Dark,NA,40,65,40,80,40,65,5,FALSE
571,索羅亞克,Dark,NA,60,105,60,120,60,105,5,FALSE
572,泡沫栗鼠,Normal,NA,55,50,40,40,40,75,5,FALSE
573,奇諾栗鼠,Normal,NA,75,95,60,65,60,115,5,FALSE
574,哥德寶寶,Psychic,NA,45,30,50,55,65,45,5,FALSE
575,哥德小童,Psychic,NA,60,45,70,75,85,55,5,FALSE
576,哥德小姐,Psychic,NA,70,55,95,95,110,65,5,FALSE
577,單卵細胞球,Psychic,NA,45,30,40,105,50,20,5,FALSE
578,雙卵細胞球,Psychic,NA,65,40,50,125,60,30,5,FALSE
579,人造細胞卵,Psychic,NA,110,65,75,125,85,30,5,FALSE
580,鴨寶寶,Water,Flying,62,44,50,44,50,55,5,FALSE
581,舞天鵝,Water,Flying,75,87,63,87,63,98,5,FALSE
582,迷你冰,Ice,NA,36,50,50,65,60,44,5,FALSE
583,多多冰,Ice,NA,51,65,65,80,75,59,5,FALSE
584,雙倍多多冰,Ice,NA,71,95,85,110,95,79,5,FALSE
585,四季鹿,Normal,Grass,60,60,50,40,50,75,5,FALSE
586,萌芽鹿,Normal,Grass,80,100,70,60,70,95,5,FALSE
587,電飛鼠,Electric,Flying,55,75,60,75,60,103,5,FALSE
588,蓋蓋蟲,Bug,NA,50,75,45,40,45,60,5,FALSE
589,騎士蝸牛,Bug,Steel,70,135,105,60,105,20,5,FALSE
590,哎呀球菇,Grass,Poison,69,55,45,55,55,15,5,FALSE
591,敗露球菇,Grass,Poison,114,85,70,85,80,30,5,FALSE
592,輕飄飄,Water,Ghost,55,40,50,65,85,40,5,FALSE
593,胖嘟嘟,Water,Ghost,100,60,70,85,105,60,5,FALSE
594,保母曼波,Water,NA,165,75,80,40,45,65,5,FALSE
595,電電蟲,Bug,Electric,50,47,50,57,50,65,5,FALSE
596,電蜘蛛,Bug,Electric,70,77,60,97,60,108,5,FALSE
597,種子鐵球,Grass,Steel,44,50,91,24,86,10,5,FALSE
598,堅果啞鈴,Grass,Steel,74,94,131,54,116,20,5,FALSE
599,齒輪兒,Steel,NA,40,55,70,45,60,30,5,FALSE
600,齒輪組,Steel,NA,60,80,95,70,85,50,5,FALSE
601,齒輪怪,Steel,NA,60,100,115,70,85,90,5,FALSE
602,麻麻小魚,Electric,NA,35,55,40,45,40,60,5,FALSE
603,麻麻鰻,Electric,NA,65,85,70,75,70,40,5,FALSE
604,麻麻鰻魚王,Electric,NA,85,115,80,105,80,50,5,FALSE
605,小灰怪,Psychic,NA,55,55,55,85,55,30,5,FALSE
606,大宇怪,Psychic,NA,75,75,75,125,95,40,5,FALSE
607,燭光靈,Ghost,Fire,50,30,55,65,55,20,5,FALSE
608,燈火幽靈,Ghost,Fire,60,40,60,95,60,55,5,FALSE
609,水晶燈火靈,Ghost,Fire,60,55,90,145,90,80,5,FALSE
610,牙牙,Dragon,NA,46,87,60,30,40,57,5,FALSE
611,斧牙龍,Dragon,NA,66,117,70,40,50,67,5,FALSE
612,雙斧戰龍,Dragon,NA,76,147,90,60,70,97,5,FALSE
613,噴嚏熊,Ice,NA,55,70,40,60,40,40,5,FALSE
614,凍原熊,Ice,NA,95,110,80,70,80,50,5,FALSE
615,幾何雪花,Ice,NA,70,50,30,95,135,105,5,FALSE
616,小嘴蝸,Bug,NA,50,40,85,40,65,25,5,FALSE
617,敏捷蟲,Bug,NA,80,70,40,100,60,145,5,FALSE
618,泥巴魚,Ground,Electric,109,66,84,81,99,32,5,FALSE
619,功夫鼬,Fighting,NA,45,85,50,55,50,65,5,FALSE
620,師父鼬,Fighting,NA,65,125,60,95,60,105,5,FALSE
621,赤面龍,Dragon,NA,77,120,90,60,90,48,5,FALSE
622,泥偶小人,Ground,Ghost,59,74,50,35,50,35,5,FALSE
623,泥偶巨人,Ground,Ghost,89,124,80,55,80,55,5,FALSE
624,駒刀小兵,Dark,Steel,45,85,70,40,40,60,5,FALSE
625,劈斬司令,Dark,Steel,65,125,100,60,70,70,5,FALSE
626,爆炸頭水牛,Normal,NA,95,110,95,40,95,55,5,FALSE
627,毛頭小鷹,Normal,Flying,70,83,50,37,50,60,5,FALSE
628,勇士雄鷹,Normal,Flying,100,123,75,57,75,80,5,FALSE
629,禿鷹丫頭,Dark,Flying,70,55,75,45,65,60,5,FALSE
630,禿鷹娜,Dark,Flying,110,65,105,55,95,80,5,FALSE
631,熔蟻獸,Fire,NA,85,97,66,105,66,65,5,FALSE
632,鐵蟻,Bug,Steel,58,109,112,48,48,109,5,FALSE
633,單首龍,Dark,Dragon,52,65,50,45,50,38,5,FALSE
634,雙首暴龍,Dark,Dragon,72,85,70,65,70,58,5,FALSE
635,三首惡龍,Dark,Dragon,92,105,90,125,90,98,5,FALSE
636,燃燒蟲,Bug,Fire,55,85,55,50,55,60,5,FALSE
637,火神蛾,Bug,Fire,85,60,65,135,105,100,5,FALSE
638,勾帕路翁,Steel,Fighting,91,90,129,90,72,108,5,TRUE
639,代拉基翁,Rock,Fighting,91,129,90,72,90,108,5,TRUE
640,畢力吉翁,Grass,Fighting,91,90,72,90,129,108,5,TRUE
641,龍捲雲-Incarnate,Flying,NA,79,115,70,125,80,111,5,TRUE
641,龍捲雲-Therian,Flying,NA,79,100,80,110,90,121,5,TRUE
642,雷電雲-Incarnate,Electric,Flying,79,115,70,125,80,111,5,TRUE
642,雷電雲-Therian,Electric,Flying,79,105,70,145,80,101,5,TRUE
643,萊希拉姆,Dragon,Fire,100,120,100,150,120,90,5,TRUE
644,捷克羅姆,Dragon,Electric,100,150,120,120,100,90,5,TRUE
645,土地雲-Incarnate,Ground,Flying,89,125,90,115,80,101,5,TRUE
645,土地雲-Therian,Ground,Flying,89,145,90,105,80,91,5,TRUE
646,酋雷姆,Dragon,Ice,125,130,90,130,90,95,5,TRUE
646,酋雷姆-Black,Dragon,Ice,125,170,100,120,90,95,5,TRUE
646,酋雷姆-White,Dragon,Ice,125,120,90,170,100,95,5,TRUE
647,凱路迪歐-Ordinary,Water,Fighting,91,72,90,129,90,108,5,FALSE
647,凱路迪歐-Resolute,Water,Fighting,91,72,90,129,90,108,5,FALSE
648,美洛耶塔-Aria,Normal,Psychic,100,77,77,128,128,90,5,FALSE
648,美洛耶塔-Pirouette,Normal,Fighting,100,128,90,77,77,128,5,FALSE
649,蓋諾賽克特,Bug,Steel,71,120,95,120,95,99,5,FALSE
650,哈力栗,Grass,NA,56,61,65,48,45,38,6,FALSE
651,胖胖哈力,Grass,NA,61,78,95,56,58,57,6,FALSE
652,布里卡隆,Grass,Fighting,88,107,122,74,75,64,6,FALSE
653,火狐狸,Fire,NA,40,45,40,62,60,60,6,FALSE
654,長尾火狐,Fire,NA,59,59,58,90,70,73,6,FALSE
655,妖火紅狐,Fire,Psychic,75,69,72,114,100,104,6,FALSE
656,呱呱泡蛙,Water,NA,41,56,40,62,44,71,6,FALSE
657,呱頭蛙,Water,NA,54,63,52,83,56,97,6,FALSE
658,甲賀忍蛙,Water,Dark,72,95,67,103,71,122,6,FALSE
659,掘掘兔,Normal,NA,38,36,38,32,36,57,6,FALSE
660,掘地兔,Normal,Ground,85,56,77,50,77,78,6,FALSE
661,小箭雀,Normal,Flying,45,50,43,40,38,62,6,FALSE
662,火箭雀,Fire,Flying,62,73,55,56,52,84,6,FALSE
663,烈箭鷹,Fire,Flying,78,81,71,74,69,126,6,FALSE
664,粉蝶蟲,Bug,NA,38,35,40,27,25,35,6,FALSE
665,粉蝶蛹,Bug,NA,45,22,60,27,30,29,6,FALSE
666,彩粉蝶,Bug,Flying,80,52,50,90,50,89,6,FALSE
667,小獅獅,Fire,Normal,62,50,58,73,54,72,6,FALSE
668,火炎獅,Fire,Normal,86,68,72,109,66,106,6,FALSE
669,花蓓蓓,Fairy,NA,44,38,39,61,79,42,6,FALSE
670,花葉蒂,Fairy,NA,54,45,47,75,98,52,6,FALSE
671,花潔夫人,Fairy,NA,78,65,68,112,154,75,6,FALSE
672,坐騎小羊,Grass,NA,66,65,48,62,57,52,6,FALSE
673,坐騎山羊,Grass,NA,123,100,62,97,81,68,6,FALSE
674,頑皮熊貓,Fighting,NA,67,82,62,46,48,43,6,FALSE
675,流氓熊貓,Fighting,Dark,95,124,78,69,71,58,6,FALSE
676,多麗米亞,Normal,NA,75,80,60,65,90,102,6,FALSE
677,妙喵,Psychic,NA,62,48,54,63,60,68,6,FALSE
678,超能妙喵-Male,Psychic,NA,74,48,76,83,81,104,6,FALSE
678,超能妙喵-Female,Psychic,NA,74,48,76,83,81,104,6,FALSE
679,獨劍鞘,Steel,Ghost,45,80,100,35,37,28,6,FALSE
680,雙劍鞘,Steel,Ghost,59,110,150,45,49,35,6,FALSE
681,堅盾劍怪-Blade,Steel,Ghost,60,150,50,150,50,60,6,FALSE
681,堅盾劍怪-Shield,Steel,Ghost,60,50,150,50,150,60,6,FALSE
682,粉香香,Fairy,NA,78,52,60,63,65,23,6,FALSE
683,芳香精,Fairy,NA,101,72,72,99,89,29,6,FALSE
684,綿綿泡芙,Fairy,NA,62,48,66,59,57,49,6,FALSE
685,胖甜妮,Fairy,NA,82,80,86,85,75,72,6,FALSE
686,好啦魷,Dark,Psychic,53,54,53,37,46,45,6,FALSE
687,烏賊王,Dark,Psychic,86,92,88,68,75,73,6,FALSE
688,龜腳腳,Rock,Water,42,52,67,39,56,50,6,FALSE
689,龜足巨鎧,Rock,Water,72,105,115,54,86,68,6,FALSE
690,垃垃藻,Poison,Water,50,60,60,60,60,30,6,FALSE
691,毒藻龍,Poison,Dragon,65,75,90,97,123,44,6,FALSE
692,鐵臂槍蝦,Water,NA,50,53,62,58,63,44,6,FALSE
693,鋼炮臂蝦,Water,NA,71,73,88,120,89,59,6,FALSE
694,傘電蜥,Electric,Normal,44,38,33,61,43,70,6,FALSE
695,光電傘蜥,Electric,Normal,62,55,52,109,94,109,6,FALSE
696,寶寶暴龍,Rock,Dragon,58,89,77,45,45,48,6,FALSE
697,怪顎龍,Rock,Dragon,82,121,119,69,59,71,6,FALSE
698,冰雪龍,Rock,Ice,77,59,50,67,63,46,6,FALSE
699,冰雪巨龍,Rock,Ice,123,77,72,99,92,58,6,FALSE
700,仙子伊布,Fairy,NA,95,65,65,110,130,60,6,FALSE
701,摔角鷹人,Fighting,Flying,78,92,75,74,63,118,6,FALSE
702,咚咚鼠,Electric,Fairy,67,58,57,81,67,101,6,FALSE
703,小碎鑽,Rock,Fairy,50,50,150,50,150,50,6,FALSE
704,黏黏寶,Dragon,NA,45,50,35,55,75,40,6,FALSE
705,黏美兒,Dragon,NA,68,75,53,83,113,60,6,FALSE
706,黏美龍,Dragon,NA,90,100,70,110,150,80,6,FALSE
707,鑰圈兒,Steel,Fairy,57,80,91,80,87,75,6,FALSE
708,小木靈,Ghost,Grass,43,70,48,50,60,38,6,FALSE
709,朽木妖,Ghost,Grass,85,110,76,65,82,56,6,FALSE
710,南瓜精-Average,Ghost,Grass,49,66,70,44,55,51,6,FALSE
710,南瓜精-Small,Ghost,Grass,44,66,70,44,55,56,6,FALSE
710,南瓜精-Large,Ghost,Grass,54,66,70,44,55,46,6,FALSE
710,南瓜精-Super,Ghost,Grass,59,66,70,44,55,41,6,FALSE
711,南瓜怪人-Average,Ghost,Grass,65,90,122,58,75,84,6,FALSE
711,南瓜怪人-Small,Ghost,Grass,55,85,122,58,75,99,6,FALSE
711,南瓜怪人-Large,Ghost,Grass,75,95,122,58,75,69,6,FALSE
711,南瓜怪人-Super,Ghost,Grass,85,100,122,58,75,54,6,FALSE
712,冰寶,Ice,NA,55,69,85,32,35,28,6,FALSE
713,冰岩怪,Ice,NA,95,117,184,44,46,28,6,FALSE
714,嗡蝠,Flying,Dragon,40,30,35,45,40,55,6,FALSE
715,音波龍,Flying,Dragon,85,70,80,97,80,123,6,FALSE
716,哲爾尼亞斯,Fairy,NA,126,131,95,131,98,99,6,TRUE
717,伊裴爾塔爾,Dark,Flying,126,131,95,131,98,99,6,TRUE
718,伊裴爾塔爾Mega,Dragon,Ground,108,100,121,81,95,95,6,TRUE
719,蒂安希,Rock,Fairy,50,100,150,100,150,50,6,TRUE
719,蒂安希Mega,Rock,Fairy,50,160,110,160,110,110,6,TRUE
720,胡帕-Confined,Psychic,Ghost,80,110,60,150,130,70,6,TRUE
720,胡帕-Unbound,Psychic,Dark,80,160,60,170,130,80,6,TRUE
721,波爾凱尼恩,Fire,Water,80,110,120,130,90,70,6,TRUE
722,木木梟,Grass,Flying,68,55,55,50,50,42,7,FALSE
723,投羽梟,Grass,Flying,78,75,75,70,70,52,7,FALSE
724,狙射樹梟,Grass,Ghost,78,107,75,100,100,70,7,FALSE
725,火斑喵,Fire,NA,45,65,40,60,40,70,7,FALSE
726,炎熱喵,Fire,NA,65,85,50,80,50,90,7,FALSE
727,熾焰咆哮虎,Fire,NA,95,115,90,80,90,60,7,FALSE
728,球球海獅,Water,NA,50,54,54,66,56,40,7,FALSE
729,花漾海獅,Water,NA,60,69,69,91,81,50,7,FALSE
730,西獅海壬,Water,NA,80,74,74,126,116,60,7,FALSE
731,小篤兒,Normal,Flying,35,75,30,30,30,65,7,FALSE
732,喇叭啄鳥,Normal,Flying,55,85,50,40,50,75,7,FALSE
733,銃嘴大鳥,Normal,Flying,80,120,75,75,75,60,7,FALSE
734,貓鼬少,Normal,NA,48,70,30,30,30,45,7,FALSE
735,貓鼬探長,Normal,NA,88,110,60,55,60,45,7,FALSE
736,強顎雞母蟲,Bug,NA,47,62,45,55,45,46,7,FALSE
737,蟲電寶,Bug,Electric,57,82,95,55,75,36,7,FALSE
738,鍬農炮蟲,Bug,Electric,77,70,90,145,75,43,7,FALSE
739,好勝蟹,Fighting,NA,47,82,57,42,47,63,7,FALSE
740,好勝毛蟹,Fighting,Ice,97,132,77,62,67,43,7,FALSE
741,花舞鳥-Baile,Fire,Flying,75,70,70,98,70,93,7,FALSE
741,花舞鳥-Pom-Pom,Electric,Flying,75,70,70,98,70,93,7,FALSE
741,花舞鳥-Pau,Psychic,Flying,75,70,70,98,70,93,7,FALSE
742,萌虻,Bug,Fairy,40,45,40,55,40,84,7,FALSE
743,蝶結萌虻,Bug,Fairy,60,55,60,95,70,124,7,FALSE
744,岩狗狗,Rock,NA,45,65,40,30,40,60,7,FALSE
745,鬃岩狼人-Midday,Rock,NA,75,115,65,55,65,112,7,FALSE
745,鬃岩狼人-Midnight,Rock,NA,85,115,75,55,75,82,7,FALSE
746,弱丁魚-Solo,Water,NA,45,20,20,25,25,40,7,FALSE
746,弱丁魚-School,Water,NA,45,140,130,140,135,30,7,FALSE
747,好壞星,Poison,Water,50,53,62,43,52,45,7,FALSE
748,超壞星,Poison,Water,50,63,152,53,142,35,7,FALSE
749,泥驢仔,Ground,NA,70,100,70,45,55,45,7,FALSE
750,重泥挽馬,Ground,NA,100,125,100,55,85,35,7,FALSE
751,滴蛛,Water,Bug,38,40,52,40,72,27,7,FALSE
752,滴蛛霸,Water,Bug,68,70,92,50,132,42,7,FALSE
753,偽螳草,Grass,NA,40,55,35,50,35,35,7,FALSE
754,蘭螳花,Grass,NA,70,105,90,80,90,45,7,FALSE
755,睡睡菇,Grass,Fairy,40,35,55,65,75,15,7,FALSE
756,燈罩夜菇,Grass,Fairy,60,45,80,90,100,30,7,FALSE
757,夜盜火蜥,Poison,Fire,48,44,40,71,40,77,7,FALSE
758,焰后蜥,Poison,Fire,68,64,60,111,60,117,7,FALSE
759,童偶熊,Normal,Fighting,70,75,50,45,50,50,7,FALSE
760,穿著熊,Normal,Fighting,120,125,80,55,60,60,7,FALSE
761,甜竹竹,Grass,NA,42,30,38,30,38,32,7,FALSE
762,甜舞妮,Grass,NA,52,40,48,40,48,62,7,FALSE
763,甜冷美后,Grass,NA,72,120,98,50,98,72,7,FALSE
764,花療環環,Fairy,NA,51,52,90,82,110,100,7,FALSE
765,智揮猩,Normal,Psychic,90,60,80,90,110,60,7,FALSE
766,投擲猴,Fighting,NA,100,120,90,40,60,80,7,FALSE
767,膽小蟲,Bug,Water,25,35,40,20,30,80,7,FALSE
768,具甲武者,Bug,Water,75,125,140,60,90,40,7,FALSE
769,沙丘娃,Ghost,Ground,55,55,80,70,45,15,7,FALSE
770,噬沙堡爺,Ghost,Ground,85,75,110,100,75,35,7,FALSE
771,拳海參,Water,NA,55,60,130,30,130,5,7,FALSE
772,屬性：空,Normal,NA,95,95,95,95,95,59,7,TRUE
773,銀伴戰獸,Normal,NA,95,95,95,95,95,95,7,TRUE
774,小隕星-Meteor,Rock,Flying,60,60,100,60,100,60,7,FALSE
774,小隕星-Core,Rock,Flying,60,100,60,100,60,120,7,FALSE
775,樹枕尾熊,Normal,NA,65,115,65,75,95,65,7,FALSE
776,爆焰龜獸,Fire,Dragon,60,78,135,91,85,36,7,FALSE
777,托戈德瑪爾,Electric,Steel,65,98,63,40,73,96,7,FALSE
778,謎擬Ｑ,Ghost,Fairy,55,90,80,50,105,96,7,FALSE
779,磨牙彩皮魚,Water,Psychic,68,105,70,70,70,92,7,FALSE
780,老翁龍,Normal,Dragon,78,60,85,135,91,36,7,FALSE
781,破破舵輪,Ghost,Grass,70,131,100,86,90,40,7,FALSE
782,心鱗寶,Dragon,NA,45,55,65,45,45,45,7,FALSE
783,鱗甲龍,Dragon,Fighting,55,75,90,65,70,65,7,FALSE
784,杖尾鱗甲龍,Dragon,Fighting,75,110,125,100,105,85,7,FALSE
785,卡璞?鳴鳴,Electric,Fairy,70,115,85,95,75,130,7,TRUE
786,卡璞?蝶蝶,Psychic,Fairy,70,85,75,130,115,95,7,TRUE
787,卡璞?哞哞,Grass,Fairy,70,130,115,85,95,75,7,TRUE
788,卡璞?鰭鰭,Water,Fairy,70,75,115,95,130,85,7,TRUE
789,科斯莫古,Psychic,NA,43,29,31,29,31,37,7,TRUE
790,科斯莫姆,Psychic,NA,43,29,131,29,131,37,7,TRUE
791,索爾迦雷歐,Psychic,Steel,137,137,107,113,89,97,7,TRUE
792,露奈雅拉,Psychic,Ghost,137,113,89,137,107,97,7,TRUE
793,虛吾伊德,Rock,Poison,109,53,47,127,131,103,7,FALSE
794,爆肌蚊,Bug,Fighting,107,139,139,53,53,79,7,FALSE
795,費洛美螂,Bug,Fighting,71,137,37,137,37,151,7,FALSE
796,電束木,Electric,NA,83,89,71,173,71,83,7,FALSE
797,鐵火輝夜,Steel,Flying,97,101,103,107,101,61,7,FALSE
798,紙御劍,Grass,Steel,59,181,131,59,31,109,7,FALSE
799,惡食大王,Dark,Dragon,223,101,53,97,53,43,7,FALSE
800,奈克洛茲瑪,Psychic,NA,97,107,101,127,89,79,7,TRUE
800,奈克洛茲瑪-Dusk,Psychic,Steel,97,157,127,113,109,77,7,TRUE
800,奈克洛茲瑪-Dawn,Psychic,Ghost,97,113,109,157,127,77,7,TRUE
800,奈克洛茲瑪-Ultra,Psychic,Dragon,97,167,97,167,97,129,7,TRUE
801,瑪機雅娜,Steel,Fairy,80,95,115,130,115,65,7,FALSE
802,瑪夏多,Fighting,Ghost,90,125,80,90,90,125,7,FALSE
803,毒貝比,Poison,NA,67,73,67,73,67,73,7,FALSE
804,四顎針龍,Poison,Dragon,73,73,73,127,73,121,7,FALSE
805,壘磊石,Rock,Steel,61,131,211,53,101,13,7,FALSE
806,砰頭小丑,Fire,Ghost,53,127,53,151,79,107,7,FALSE
807,捷拉奧拉,Electric,NA,88,112,75,102,80,143,7,FALSE
